{
  "video": "eddiecaptions",
  "segments": [
    {
      "text": "i'm proud to declare,",
      "start": 0.0,
      "end": 1.5,
      "conf": 0.0,
      "labels": [
        "neutral",
        "admiration",
        "gratitude",
        "annoyance"
      ],
      "probs": {
        "admiration": 0.10426911539211563,
        "amusement": 0.0434429490682635,
        "anger": 0.037316959214125055,
        "annoyance": 0.05852365286797025,
        "approval": 0.05432534490056026,
        "caring": 0.023389165313516966,
        "confusion": 0.02538736410903569,
        "curiosity": 0.049801170667893344,
        "desire": 0.01670397114518958,
        "disappointment": 0.016994033995156452,
        "disapproval": 0.0388119548855892,
        "disgust": 0.026669940097767575,
        "embarrassment": 0.005255851087316648,
        "excitement": 0.021234573247021393,
        "fear": 0.01646109847073236,
        "gratitude": 0.06906409799305487,
        "grief": 0.0031959235598138626,
        "joy": 0.029407261473574343,
        "love": 0.0406548311076369,
        "nervousness": 0.007748164095589048,
        "optimism": 0.04525388353723807,
        "pride": 0.0012330943290804824,
        "realization": 0.027791636521975135,
        "relief": 0.001275515108388359,
        "remorse": 0.007793209080885326,
        "sadness": 0.03129396934816146,
        "surprise": 0.022737786629496375,
        "neutral": 0.3083747599924901
      }
    },
    {
      "text": "\"| love mathematics!\"",
      "start": 2.0,
      "end": 4.0,
      "conf": 0.0,
      "labels": [
        "love",
        "neutral",
        "admiration",
        "gratitude"
      ],
      "probs": {
        "admiration": 0.08724805256766797,
        "amusement": 0.0494603927724037,
        "anger": 0.03592807944940374,
        "annoyance": 0.04277720575718175,
        "approval": 0.049767081652006794,
        "caring": 0.028288147980579374,
        "confusion": 0.023422980249797137,
        "curiosity": 0.04943525073938367,
        "desire": 0.014987661098583911,
        "disappointment": 0.016977146951900925,
        "disapproval": 0.03826293757434592,
        "disgust": 0.022665196153248388,
        "embarrassment": 0.0052243814156498125,
        "excitement": 0.017034532753994573,
        "fear": 0.016676148595743682,
        "gratitude": 0.06258512388932233,
        "grief": 0.0031194160235084997,
        "joy": 0.025346320334319487,
        "love": 0.5354708759735882,
        "nervousness": 0.00783464821945464,
        "optimism": 0.03642294205484804,
        "pride": 0.0012425788378966009,
        "realization": 0.021460895459237014,
        "relief": 0.0012856734605763973,
        "remorse": 0.007277880183676001,
        "sadness": 0.02917596849019667,
        "surprise": 0.02126212020599185,
        "neutral": 0.12088534374411403
      }
    },
    {
      "text": "wa ss | “re, (cheers) (applause) » ’",
      "start": 4.5,
      "end": 4.5,
      "conf": 0.0,
      "labels": [
        "neutral",
        "admiration",
        "annoyance",
        "disapproval"
      ],
      "probs": {
        "admiration": 0.11487851979773145,
        "amusement": 0.060472141906454994,
        "anger": 0.041139738620884374,
        "annoyance": 0.09270066217147964,
        "approval": 0.05717685973153428,
        "caring": 0.02555626673072362,
        "confusion": 0.023579862299330453,
        "curiosity": 0.047099338936421084,
        "desire": 0.013247893856374074,
        "disappointment": 0.023195700613620966,
        "disapproval": 0.0632688645681389,
        "disgust": 0.022850792465954166,
        "embarrassment": 0.005229037699302931,
        "excitement": 0.017089666299983156,
        "fear": 0.01553653043609128,
        "gratitude": 0.0542223520482091,
        "grief": 0.00312093670078678,
        "joy": 0.025381851935146242,
        "love": 0.031145858629834933,
        "nervousness": 0.007848905199021665,
        "optimism": 0.0338606471374876,
        "pride": 0.0012427763598752925,
        "realization": 0.021967022217030847,
        "relief": 0.0015093698978469099,
        "remorse": 0.008418052251529303,
        "sadness": 0.0262902072410767,
        "surprise": 0.021290413141103328,
        "neutral": 0.307833767798934
      }
    },
    {
      "text": "“re, (cheers) (applause) z ee !",
      "start": 5.0,
      "end": 5.0,
      "conf": 0.0,
      "labels": [
        "neutral",
        "admiration",
        "annoyance",
        "disapproval"
      ],
      "probs": {
        "admiration": 0.11487851979773145,
        "amusement": 0.060472141906454994,
        "anger": 0.041139738620884374,
        "annoyance": 0.09270066217147964,
        "approval": 0.05717685973153428,
        "caring": 0.02555626673072362,
        "confusion": 0.023579862299330453,
        "curiosity": 0.047099338936421084,
        "desire": 0.013247893856374074,
        "disappointment": 0.023195700613620966,
        "disapproval": 0.0632688645681389,
        "disgust": 0.022850792465954166,
        "embarrassment": 0.005229037699302931,
        "excitement": 0.017089666299983156,
        "fear": 0.01553653043609128,
        "gratitude": 0.0542223520482091,
        "grief": 0.00312093670078678,
        "joy": 0.025381851935146242,
        "love": 0.031145858629834933,
        "nervousness": 0.007848905199021665,
        "optimism": 0.0338606471374876,
        "pride": 0.0012427763598752925,
        "realization": 0.021967022217030847,
        "relief": 0.0015093698978469099,
        "remorse": 0.008418052251529303,
        "sadness": 0.0262902072410767,
        "surprise": 0.021290413141103328,
        "neutral": 0.307833767798934
      }
    },
    {
      "text": "‘wl, (cheers) (applause) »",
      "start": 5.5,
      "end": 5.5,
      "conf": 0.0,
      "labels": [
        "neutral",
        "admiration",
        "annoyance",
        "approval"
      ],
      "probs": {
        "admiration": 0.10489654202885249,
        "amusement": 0.051186447026876525,
        "anger": 0.03952009028604404,
        "annoyance": 0.057936981844085064,
        "approval": 0.057777825532409184,
        "caring": 0.023704037220089024,
        "confusion": 0.02736410241535884,
        "curiosity": 0.05512419195723154,
        "desire": 0.014359055811307897,
        "disappointment": 0.018935549278611432,
        "disapproval": 0.045152042602954,
        "disgust": 0.026266587348414975,
        "embarrassment": 0.005395281450839244,
        "excitement": 0.01900004028076265,
        "fear": 0.017079088711643396,
        "gratitude": 0.05774295524221261,
        "grief": 0.003180053760178346,
        "joy": 0.029820422533211315,
        "love": 0.037669780484658626,
        "nervousness": 0.008227498795871698,
        "optimism": 0.03690478527536608,
        "pride": 0.0012520475346861964,
        "realization": 0.02255832569466314,
        "relief": 0.0012958371385765365,
        "remorse": 0.007613054748864681,
        "sadness": 0.02806088394485025,
        "surprise": 0.024336326305350823,
        "neutral": 0.3486143575497418
      }
    }
  ]
}