{
  "source": "ocr_captions",
  "segments": [
    {
      "text": "i'm proud to declare",
      "start": 0.0,
      "end": 1.5,
      "conf": 0.0,
      "text_raw": "i'm proud to declare,",
      "emotions": {
        "admiration": 0.11084636843849177,
        "amusement": 0.04692695049485306,
        "anger": 0.0381772543671979,
        "annoyance": 0.057634240713919725,
        "approval": 0.055521893991268355,
        "caring": 0.023447461588774667,
        "confusion": 0.026262980926770877,
        "curiosity": 0.05199774445505548,
        "desire": 0.015390449087997499,
        "disappointment": 0.01792098022078799,
        "disapproval": 0.04168273851108963,
        "disgust": 0.026331161181635594,
        "embarrassment": 0.005322886978132635,
        "excitement": 0.01996428478583758,
        "fear": 0.016726694161023712,
        "gratitude": 0.06233405630026591,
        "grief": 0.003185625395671541,
        "joy": 0.029465350592795772,
        "love": 0.038786949789425616,
        "nervousness": 0.007982940565746865,
        "optimism": 0.04041081831353924,
        "pride": 0.0012426792373268177,
        "realization": 0.02481346058375651,
        "relief": 0.001285791476267554,
        "remorse": 0.007687276848919895,
        "sadness": 0.02941103007330715,
        "surprise": 0.02344486725088528,
        "neutral": 0.3349454328545943
      },
      "dominant": "neutral"
    },
    {
      "text": "ii l love mathematics",
      "start": 2.0,
      "end": 2.0,
      "conf": 0.0,
      "text_raw": "ii | love mathematics!",
      "emotions": {
        "admiration": 0.08724805256766797,
        "amusement": 0.0494603927724037,
        "anger": 0.03592807944940374,
        "annoyance": 0.04277720575718175,
        "approval": 0.049767081652006794,
        "caring": 0.028288147980579374,
        "confusion": 0.023422980249797137,
        "curiosity": 0.04943525073938367,
        "desire": 0.014987661098583911,
        "disappointment": 0.016977146951900925,
        "disapproval": 0.03826293757434592,
        "disgust": 0.022665196153248388,
        "embarrassment": 0.0052243814156498125,
        "excitement": 0.017034532753994573,
        "fear": 0.016676148595743682,
        "gratitude": 0.06258512388932233,
        "grief": 0.0031194160235084997,
        "joy": 0.025346320334319487,
        "love": 0.5354708759735882,
        "nervousness": 0.00783464821945464,
        "optimism": 0.03642294205484804,
        "pride": 0.0012425788378966009,
        "realization": 0.021460895459237014,
        "relief": 0.0012856734605763973,
        "remorse": 0.007277880183676001,
        "sadness": 0.02917596849019667,
        "surprise": 0.02126212020599185,
        "neutral": 0.12088534374411403
      },
      "dominant": "love"
    },
    {
      "text": "iy 0  l love mathematics!  mae",
      "start": 2.5,
      "end": 2.5,
      "conf": 0.0,
      "text_raw": "\\ iy 0 \"| love mathematics!\" mae",
      "emotions": {
        "admiration": 0.08724805256766797,
        "amusement": 0.0494603927724037,
        "anger": 0.03592807944940374,
        "annoyance": 0.04277720575718175,
        "approval": 0.049767081652006794,
        "caring": 0.028288147980579374,
        "confusion": 0.023422980249797137,
        "curiosity": 0.04943525073938367,
        "desire": 0.014987661098583911,
        "disappointment": 0.016977146951900925,
        "disapproval": 0.03826293757434592,
        "disgust": 0.022665196153248388,
        "embarrassment": 0.0052243814156498125,
        "excitement": 0.017034532753994573,
        "fear": 0.016676148595743682,
        "gratitude": 0.06258512388932233,
        "grief": 0.0031194160235084997,
        "joy": 0.025346320334319487,
        "love": 0.5354708759735882,
        "nervousness": 0.00783464821945464,
        "optimism": 0.03642294205484804,
        "pride": 0.0012425788378966009,
        "realization": 0.021460895459237014,
        "relief": 0.0012856734605763973,
        "remorse": 0.007277880183676001,
        "sadness": 0.02917596849019667,
        "surprise": 0.02126212020599185,
        "neutral": 0.12088534374411403
      },
      "dominant": "love"
    },
    {
      "text": "my i   l love mathematics!  l an",
      "start": 3.0,
      "end": 3.0,
      "conf": 0.0,
      "text_raw": "my i] \"| love mathematics!\" | an",
      "emotions": {
        "admiration": 0.07672732976693519,
        "amusement": 0.046812178987260304,
        "anger": 0.041762617316099725,
        "annoyance": 0.05754830063904195,
        "approval": 0.06389913926185152,
        "caring": 0.024851218091162836,
        "confusion": 0.021962305850528576,
        "curiosity": 0.04678171949718956,
        "desire": 0.015478707085571907,
        "disappointment": 0.01717123423920462,
        "disapproval": 0.04501347640739222,
        "disgust": 0.020767823966219498,
        "embarrassment": 0.005316324787693486,
        "excitement": 0.01982935163839173,
        "fear": 0.017664655990496398,
        "gratitude": 0.05880759394524346,
        "grief": 0.0032145480134119706,
        "joy": 0.028734959913121152,
        "love": 0.24996229913509085,
        "nervousness": 0.008113245623238376,
        "optimism": 0.03429869811473966,
        "pride": 0.0013047616389009363,
        "realization": 0.023081609181978758,
        "relief": 0.0012796997858689737,
        "remorse": 0.007083394025082133,
        "sadness": 0.03208027675687198,
        "surprise": 0.025161559951804944,
        "neutral": 0.12837501073536028
      },
      "dominant": "love"
    },
    {
      "text": "l love mathematics!  r ff",
      "start": 3.5,
      "end": 4.0,
      "conf": 0.0,
      "text_raw": ") \"| love mathematics!\" r ff",
      "emotions": {
        "admiration": 0.08724805256766797,
        "amusement": 0.0494603927724037,
        "anger": 0.03592807944940374,
        "annoyance": 0.04277720575718175,
        "approval": 0.049767081652006794,
        "caring": 0.028288147980579374,
        "confusion": 0.023422980249797137,
        "curiosity": 0.04943525073938367,
        "desire": 0.014987661098583911,
        "disappointment": 0.016977146951900925,
        "disapproval": 0.03826293757434592,
        "disgust": 0.022665196153248388,
        "embarrassment": 0.0052243814156498125,
        "excitement": 0.017034532753994573,
        "fear": 0.016676148595743682,
        "gratitude": 0.06258512388932233,
        "grief": 0.0031194160235084997,
        "joy": 0.025346320334319487,
        "love": 0.5354708759735882,
        "nervousness": 0.00783464821945464,
        "optimism": 0.03642294205484804,
        "pride": 0.0012425788378966009,
        "realization": 0.021460895459237014,
        "relief": 0.0012856734605763973,
        "remorse": 0.007277880183676001,
        "sadness": 0.02917596849019667,
        "surprise": 0.02126212020599185,
        "neutral": 0.12088534374411403
      },
      "dominant": "love"
    },
    {
      "text": "a   jum   a   applause    me 7 2.   bh ses a nthe   nes? y a",
      "start": 4.5,
      "end": 4.5,
      "conf": 0.0,
      "text_raw": "a = jum : a= (applause) : me 7 2. @ bh ses a nthe \\ nes? y a",
      "emotions": {
        "admiration": 0.07527269763430405,
        "amusement": 0.06462940987187465,
        "anger": 0.041954054141624016,
        "annoyance": 0.07449855446633112,
        "approval": 0.04752460319535623,
        "caring": 0.02261223810392425,
        "confusion": 0.025411753256150773,
        "curiosity": 0.04416110740181268,
        "desire": 0.01324066938191867,
        "disappointment": 0.020107889270072878,
        "disapproval": 0.044074594382906555,
        "disgust": 0.025794556030134506,
        "embarrassment": 0.005778450161299965,
        "excitement": 0.021560558251134888,
        "fear": 0.02055053296212587,
        "gratitude": 0.0685999603023831,
        "grief": 0.003122167436344443,
        "joy": 0.031216125585429896,
        "love": 0.0351209938677794,