{
  "source": "ocr_captions",
  "segments": [
    {
      "text": "i'm proud to declare",
      "start": 0.0,
      "end": 1.5,
      "conf": 0.0,
      "text_raw": "i'm proud to declare,",
      "emotions": {
        "0": 0.11084636843849177,
        "1": 0.04692695049485306,
        "2": 0.0381772543671979,
        "3": 0.057634240713919725,
        "4": 0.055521893991268355,
        "5": 0.023447461588774667,
        "6": 0.026262980926770877,
        "7": 0.05199774445505548,
        "8": 0.015390449087997499,
        "9": 0.01792098022078799,
        "10": 0.04168273851108963,
        "11": 0.026331161181635594,
        "12": 0.005322886978132635,
        "13": 0.01996428478583758,
        "14": 0.016726694161023712,
        "15": 0.06233405630026591,
        "16": 0.003185625395671541,
        "17": 0.029465350592795772,
        "18": 0.038786949789425616,
        "19": 0.007982940565746865,
        "20": 0.04041081831353924,
        "21": 0.0012426792373268177,
        "22": 0.02481346058375651,
        "23": 0.001285791476267554,
        "24": 0.007687276848919895,
        "25": 0.02941103007330715,
        "26": 0.02344486725088528,
        "27": 0.3349454328545943
      },
      "dominant": "27"
    },
    {
      "text": "ii l love mathematics",
      "start": 2.0,
      "end": 2.0,
      "conf": 0.0,
      "text_raw": "ii | love mathematics!",
      "emotions": {
        "0": 0.08724805256766797,
        "1": 0.0494603927724037,
        "2": 0.03592807944940374,
        "3": 0.04277720575718175,
        "4": 0.049767081652006794,
        "5": 0.028288147980579374,
        "6": 0.023422980249797137,
        "7": 0.04943525073938367,
        "8": 0.014987661098583911,
        "9": 0.016977146951900925,
        "10": 0.03826293757434592,
        "11": 0.022665196153248388,
        "12": 0.0052243814156498125,
        "13": 0.017034532753994573,
        "14": 0.016676148595743682,
        "15": 0.06258512388932233,
        "16": 0.0031194160235084997,
        "17": 0.025346320334319487,
        "18": 0.5354708759735882,
        "19": 0.00783464821945464,
        "20": 0.03642294205484804,
        "21": 0.0012425788378966009,
        "22": 0.021460895459237014,
        "23": 0.0012856734605763973,
        "24": 0.007277880183676001,
        "25": 0.02917596849019667,
        "26": 0.02126212020599185,
        "27": 0.12088534374411403
      },
      "dominant": "18"
    },
    {
      "text": "iy 0  l love mathematics!  mae",
      "start": 2.5,
      "end": 2.5,
      "conf": 0.0,
      "text_raw": "\\ iy 0 \"| love mathematics!\" mae",
      "emotions": {
        "0": 0.08724805256766797,
        "1": 0.0494603927724037,
        "2": 0.03592807944940374,
        "3": 0.04277720575718175,
        "4": 0.049767081652006794,
        "5": 0.028288147980579374,
        "6": 0.023422980249797137,
        "7": 0.04943525073938367,
        "8": 0.014987661098583911,
        "9": 0.016977146951900925,
        "10": 0.03826293757434592,
        "11": 0.022665196153248388,
        "12": 0.0052243814156498125,
        "13": 0.017034532753994573,
        "14": 0.016676148595743682,
        "15": 0.06258512388932233,
        "16": 0.0031194160235084997,
        "17": 0.025346320334319487,
        "18": 0.5354708759735882,
        "19": 0.00783464821945464,
        "20": 0.03642294205484804,
        "21": 0.0012425788378966009,
        "22": 0.021460895459237014,
        "23": 0.0012856734605763973,
        "24": 0.007277880183676001,
        "25": 0.02917596849019667,
        "26": 0.02126212020599185,
        "27": 0.12088534374411403
      },
      "dominant": "18"
    },
    {
      "text": "my i   l love mathematics!  l an",
      "start": 3.0,
      "end": 3.0,
      "conf": 0.0,
      "text_raw": "my i] \"| love mathematics!\" | an",
      "emotions": {
        "0": 0.07672732976693519,
        "1": 0.046812178987260304,
        "2": 0.041762617316099725,
        "3": 0.05754830063904195,
        "4": 0.06389913926185152,
        "5": 0.024851218091162836,
        "6": 0.021962305850528576,
        "7": 0.04678171949718956,
        "8": 0.015478707085571907,
        "9": 0.01717123423920462,
        "10": 0.04501347640739222,
        "11": 0.020767823966219498,
        "12": 0.005316324787693486,
        "13": 0.01982935163839173,
        "14": 0.017664655990496398,
        "15": 0.05880759394524346,
        "16": 0.0032145480134119706,
        "17": 0.028734959913121152,
        "18": 0.24996229913509085,
        "19": 0.008113245623238376,
        "20": 0.03429869811473966,
        "21": 0.0013047616389009363,
        "22": 0.023081609181978758,
        "23": 0.0012796997858689737,
        "24": 0.007083394025082133,
        "25": 0.03208027675687198,
        "26": 0.025161559951804944,
        "27": 0.12837501073536028
      },
      "dominant": "18"
    },
    {
      "text": "l love mathematics!  r ff",
      "start": 3.5,
      "end": 4.0,
      "conf": 0.0,
      "text_raw": ") \"| love mathematics!\" r ff",
      "emotions": {
        "0": 0.08724805256766797,
        "1": 0.0494603927724037,
        "2": 0.03592807944940374,
        "3": 0.04277720575718175,
        "4": 0.049767081652006794,
        "5": 0.028288147980579374,
        "6": 0.023422980249797137,
        "7": 0.04943525073938367,
        "8": 0.014987661098583911,
        "9": 0.016977146951900925,
        "10": 0.03826293757434592,
        "11": 0.022665196153248388,
        "12": 0.0052243814156498125,
        "13": 0.017034532753994573,
        "14": 0.016676148595743682,
        "15": 0.06258512388932233,
        "16": 0.0031194160235084997,
        "17": 0.025346320334319487,
        "18": 0.5354708759735882,
        "19": 0.00783464821945464,
        "20": 0.03642294205484804,
        "21": 0.0012425788378966009,
        "22": 0.021460895459237014,
        "23": 0.0012856734605763973,
        "24": 0.007277880183676001,
        "25": 0.02917596849019667,
        "26": 0.02126212020599185,
        "27": 0.12088534374411403
      },
      "dominant": "18"
    },
    {
      "text": "a   jum   a   applause    me 7 2.   bh ses a nthe   nes? y a",
      "start": 4.5,
      "end": 4.5,
      "conf": 0.0,
      "text_raw": "a = jum : a= (applause) : me 7 2. @ bh ses a nthe \\ nes? y a",
      "emotions": {
        "0": 0.07527269763430405,
        "1": 0.06462940987187465,
        "2": 0.041954054141624016,
        "3": 0.07449855446633112,
        "4": 0.04752460319535623,
        "5": 0.02261223810392425,
        "6": 0.025411753256150773,
        "7": 0.04416110740181268,
        "8": 0.01324066938191867,
        "9": 0.020107889270072878,
        "10": 0.044074594382906555,
        "11": 0.025794556030134506,
        "12": 0.005778450161299965,
        "13": 0.021560558251134888,
        "14": 0.02055053296212587,
        "15": 0.0685999603023831,
        "16": 0.003122167436344443,
        "17": 0.031216125585429896,
        "18": 0.0351209938677794,
        "19": 0.009449782553956692,
        "20": 0.03021121060063348,
        "21": 0.0012429911902648505,
        "22": 0.023188859920916682,
        "23": 0.0012861382842035871,
        "24": 0.00789589785122259,
        "25": 0.030502250364139824,
        "26": 0.023522337769192173,
        "27": 0.2954253017502447
      },
      "dominant": "27"
    },
    {
      "text": "se     fa i '4 eee l re,  cheers   applause  he",
      "start": 5.0,
      "end": 5.0,
      "conf": 0.0,
      "text_raw": "se — = fa i '4 eee | re, (cheers) (applause) he '",
      "emotions": {
        "0": 0.11313787456295063,
        "1": 0.0531092434872985,
        "2": 0.04334569387873372,
        "3": 0.08640686909197384,
        "4": 0.06144089566000238,
        "5": 0.022603170678788604,
        "6": 0.02452716474637208,
        "7": 0.04701733414852411,
        "8": 0.012699971087981059,
        "9": 0.021974350173531443,
        "10": 0.05862877801363431,
        "11": 0.02116359650471658,
        "12": 0.005145863410395403,