{
    "file": "data/emotion/input/processed/eddiewoo_mel.npy",
    "predicted_emotion": "fearful",
    "probabilities": {
        "neutral": 0.01338341273367405,
        "calm": 0.023433633148670197,
        "happy": 0.010573669336736202,
        "sad": 0.13376663625240326,
        "angry": 0.08338312059640884,
        "fearful": 0.33970537781715393,
        "disgust": 0.08353643864393234,
        "surprised": 0.31221774220466614
    }
}