{
  "video": "eddiewoo",
  "dominant_emotion": "neutral",
  "emotion_distribution": {
    "neutral": 0.3333196742089722,
    "admiration": 0.09728158425530903,
    "approval": 0.014985758624044297,
    "annoyance": 0.038776499077252044,
    "love": 0.020235306109691834,
    "curiosity": 0.007862982991416608
  }
}