{
    "file": "data/emotion/input/processed/eddiewoo_mel.npy",
    "predicted_emotion": "fearful",
    "probabilities": {
        "neutral": 0.013383413664996624,
        "calm": 0.023433636873960495,
        "happy": 0.010573671199381351,
        "sad": 0.13376662135124207,
        "angry": 0.08338312059640884,
        "fearful": 0.3397054076194763,
        "disgust": 0.08353642374277115,
        "surprised": 0.31221774220466614
    }
}