{
  "video": "eddiewoo",
  "dominant_emotion": "neutral",
  "emotion_distribution": {
    "neutral": 0.3342773570255522,
    "admiration": 0.09745002678346508,
    "approval": 0.014985758624044297,
    "annoyance": 0.03850042760161776,
    "love": 0.020235306109691834,
    "curiosity": 0.007862982991416608
  }
}