{
  "video": "eddiewoo",
  "dominant_emotion": "neutral",
  "emotion_distribution": {
    "admiration": 0.09960238214180527,
    "amusement": 0.05050431983170994,
    "anger": 0.038787681108182724,
    "annoyance": 0.059027751185146915,
    "approval": 0.06190044515600668,
    "caring": 0.023435221951972597,
    "confusion": 0.027657505457792202,
    "curiosity": 0.05432208614555788,
    "desire": 0.014189975384868766,
    "disappointment": 0.018679936389014128,
    "disapproval": 0.04560046283403226,
    "disgust": 0.02557835972548491,
    "embarrassment": 0.005341600627439617,
    "excitement": 0.017549718409101765,
    "fear": 0.01841753177413261,
    "gratitude": 0.05745652022284098,
    "grief": 0.0033776090735139278,
    "joy": 0.027930755427305578,
    "love": 0.0694509411967764,
    "nervousness": 0.008311752637921716,
    "optimism": 0.03756837803775848,
    "pride": 0.001230909675963503,
    "realization": 0.02471923215556232,
    "relief": 0.0013141475880893362,
    "remorse": 0.007699988846585651,
    "sadness": 0.029130193801373765,
    "surprise": 0.025440288991368704,
    "neutral": 0.33370247862331354
  },
  "segments_count": 14
}